Soil_Moisture,Temperature,Humidity,Leaf_Moisture,Sunlight,Soil_pH,Plant_Health
72,27,68,65,75,6.5,Healthy
65,28,70,60,80,6.4,Healthy
60,25,72,58,70,6.7,Healthy
75,26,65,68,78,6.2,Healthy
68,29,74,62,72,6.8,Healthy
58,24,67,55,65,6.3,Healthy
70,30,76,64,82,6.6,Healthy
62,27,69,59,76,6.1,Healthy
78,25,71,70,85,6.9,Healthy
66,28,73,61,74,6.5,Healthy
55,31,64,50,62,6.1,Needs_Attention
52,32,60,47,85,7.3,Needs_Attention
48,30,58,45,88,7.5,Needs_Attention
57,33,62,52,91,7.2,Needs_Attention
50,29,55,44,60,5.8,Needs_Attention
45,34,57,40,93,7.6,Needs_Attention
54,31,63,48,86,7.1,Needs_Attention
49,28,59,43,55,5.9,Needs_Attention
58,32,61,51,90,7.4,Needs_Attention
47,30,54,42,87,7.2,Needs_Attention
42,36,50,35,97,8.0,Unhealthy
25,38,35,22,95,8.2,Unhealthy
30,36,40,25,92,8.0,Unhealthy
20,39,32,18,98,8.3,Unhealthy
35,37,38,28,94,7.9,Unhealthy
28,40,30,20,99,8.4,Unhealthy
38,35,42,30,90,7.8,Unhealthy
22,39,34,16,96,8.5,Unhealthy
32,41,29,24,100,8.1,Unhealthy
27,37,36,21,93,8.2,Unhealthy
